{"cameraMode":{"drawMode":0,"name":"Shaded","section":"Shading Mode"},"sceneLighting":true,"audioPlay":false,"sceneViewState":{"showFog":false,"showMaterialUpdate":false,"showSkybox":false,"showFlares":false,"showImageEffects":false,"showParticleSystems":false},"in2DMode":false,"pivot":{"x":0.3216366767883301,"y":-0.3345153331756592,"z":-2.5475542545318605},"rotation":{"x":0.167084738612175,"y":0.7583991885185242,"z":-0.21382509171962739,"w":0.5926184058189392},"size":3.848107099533081,"orthographic":false}