{"cameraMode":{"drawMode":0,"name":"Shaded","section":"Shading Mode"},"sceneLighting":true,"audioPlay":false,"sceneViewState":{"showFog":false,"showMaterialUpdate":false,"showSkybox":false,"showFlares":false,"showImageEffects":false,"showParticleSystems":false},"in2DMode":false,"pivot":{"x":1.1055952310562134,"y":-3.708303451538086,"z":4.000324249267578},"rotation":{"x":-0.1996215432882309,"y":0.754560112953186,"z":-0.2663295865058899,"w":-0.5655646920204163},"size":4.271111488342285,"orthographic":false}