{"cameraMode":{"drawMode":0,"name":"Shaded","section":"Shading Mode"},"sceneLighting":true,"audioPlay":false,"sceneViewState":{"showFog":false,"showMaterialUpdate":false,"showSkybox":false,"showFlares":false,"showImageEffects":false,"showParticleSystems":false},"in2DMode":false,"pivot":{"x":-2.8315372467041017,"y":-6.421595573425293,"z":25.266939163208009},"rotation":{"x":-0.1996215432882309,"y":0.754560112953186,"z":-0.2663295865058899,"w":-0.5655646920204163},"size":89.08917236328125,"orthographic":false}