{"cameraMode":{"drawMode":0,"name":"Shaded","section":"Shading Mode"},"sceneLighting":true,"audioPlay":false,"sceneViewState":{"showFog":false,"showMaterialUpdate":false,"showSkybox":false,"showFlares":false,"showImageEffects":false,"showParticleSystems":false},"in2DMode":false,"pivot":{"x":-1.9015142917633057,"y":2.880152940750122,"z":-0.535669207572937},"rotation":{"x":0.3375595510005951,"y":0.6470791101455689,"z":-0.5627536177635193,"w":0.3881438970565796},"size":9.718636512756348,"orthographic":true}