{"cameraMode":{"drawMode":0,"name":"Shaded","section":"Shading Mode"},"sceneLighting":true,"audioPlay":false,"sceneViewState":{"showFog":false,"showMaterialUpdate":false,"showSkybox":false,"showFlares":false,"showImageEffects":false,"showParticleSystems":false},"in2DMode":false,"pivot":{"x":-0.7585419416427612,"y":0.8885024189949036,"z":4.738934516906738},"rotation":{"x":0.12870998680591584,"y":0.2269379049539566,"z":-0.030271118506789209,"w":0.9648954272270203},"size":47.83430862426758,"orthographic":true}