{"cameraMode":{"drawMode":0,"name":"Shaded","section":"Shading Mode"},"sceneLighting":true,"audioPlay":false,"sceneViewState":{"showFog":false,"showMaterialUpdate":false,"showSkybox":false,"showFlares":false,"showImageEffects":false,"showParticleSystems":false},"in2DMode":false,"pivot":{"x":11.331363677978516,"y":55.29442596435547,"z":-26.382774353027345},"rotation":{"x":0.18583832681179048,"y":-0.2873578667640686,"z":0.05693865567445755,"w":0.9378995299339294},"size":87.34307098388672,"orthographic":true}