{"cameraMode":{"drawMode":0,"name":"Shaded","section":"Shading Mode"},"sceneLighting":true,"audioPlay":false,"sceneViewState":{"showFog":false,"showMaterialUpdate":false,"showSkybox":false,"showFlares":false,"showImageEffects":false,"showParticleSystems":false},"in2DMode":false,"pivot":{"x":-0.5356460809707642,"y":-1.5229570865631104,"z":3.334190845489502},"rotation":{"x":-0.1996215432882309,"y":0.754560112953186,"z":-0.2663295865058899,"w":-0.5655646920204163},"size":3.635538101196289,"orthographic":false}