{"cameraMode":{"drawMode":0,"name":"Shaded","section":"Shading Mode"},"sceneLighting":true,"audioPlay":false,"sceneViewState":{"showFog":false,"showMaterialUpdate":false,"showSkybox":false,"showFlares":false,"showImageEffects":false,"showParticleSystems":false},"in2DMode":false,"pivot":{"x":6.373142719268799,"y":6.089859962463379,"z":0.671147882938385},"rotation":{"x":0.12870998680591584,"y":0.2269379049539566,"z":-0.030271118506789209,"w":0.9648954272270203},"size":15.704633712768555,"orthographic":true}