{"cameraMode":{"drawMode":0,"name":"Shaded","section":"Shading Mode"},"sceneLighting":true,"audioPlay":false,"sceneViewState":{"showFog":false,"showMaterialUpdate":false,"showSkybox":false,"showFlares":false,"showImageEffects":false,"showParticleSystems":false},"in2DMode":false,"pivot":{"x":-0.14637324213981629,"y":-1.3143386840820313,"z":1.4028027057647706},"rotation":{"x":-0.1996215432882309,"y":0.754560112953186,"z":-0.2663295865058899,"w":-0.5655646920204163},"size":5.048107624053955,"orthographic":false}