{"cameraMode":{"drawMode":0,"name":"Shaded","section":"Shading Mode"},"sceneLighting":true,"audioPlay":false,"sceneViewState":{"showFog":false,"showMaterialUpdate":false,"showSkybox":false,"showFlares":false,"showImageEffects":false,"showParticleSystems":false},"in2DMode":false,"pivot":{"x":17.945507049560548,"y":23.202423095703126,"z":-39.86206817626953},"rotation":{"x":0.18583832681179048,"y":-0.2873578667640686,"z":0.05693865567445755,"w":0.9378995299339294},"size":108.6108169555664,"orthographic":true}