{"cameraMode":{"drawMode":0,"name":"Shaded","section":"Shading Mode"},"sceneLighting":true,"audioPlay":false,"sceneViewState":{"showFog":false,"showMaterialUpdate":false,"showSkybox":false,"showFlares":false,"showImageEffects":false,"showParticleSystems":false},"in2DMode":false,"pivot":{"x":14.455270767211914,"y":34.952369689941409,"z":-37.05071258544922},"rotation":{"x":0.18583832681179048,"y":-0.2873578667640686,"z":0.05693865567445755,"w":0.9378995299339294},"size":18.79990577697754,"orthographic":true}